analysis_status	branch_cluster_nmi	cluster_n	cluster_segment_nmi	cluster_transition_rate	embedding_graph_components	method	n_embedding_pcs	n_signal_pcs	no_call_reason	pairwise_distance_spearman	peak_memory_mb	pseudotime_spearman_abs	repeat	runtime_seconds	scenario_id	seed	selected_hvg_n	topology_continuity	topology_knn_recall	topology_trustworthiness
ok	nan	3	0.5120438572018935	0.10702341137123746	1	rmtguard	4	3		0.7700702256741601	27.68435764312744	0.9884100934454826	0	2.504776199999469	linear_trajectory	20260427	700	0.8897633373445648	0.3146666666666667	0.9429618933012435
ok	nan	3	0.6381877480362778	0.020066889632107024	1	rmtguard_strict_signal	3	3		0.7958963307863198	14.202000617980957	0.9884100934454826	0	1.3019536000010703	linear_trajectory	20261436	700	0.8963794624949859	0.33288888888888885	0.9474600882470918
ok	nan	4	0.4873514029710655	0.20735785953177258	1	fixed_pcs_30	30	30		0.4770738347493721	5.5028486251831055	0.9884100934454826	0	2.9439029000004666	linear_trajectory	20262445	700	0.7653317288407542	0.1955555555555555	0.8815635780184516
ok	nan	5	0.1450151577522776	0.4782608695652174	1	fixed_pcs_50	50	50		0.4009566336568626	5.583371162414551	0.9884100934454826	0	1.5765353999995568	linear_trajectory	20263454	700	0.7183281187324508	0.17377777777777775	0.86117529081428
ok	0.5990791383142771	3	0.5990791383142771	0.35785953177257523	1	rmtguard	9	4		0.5701455750531135	16.014999389648438	0.053691707685640945	0	2.157712800000809	branching_trajectory	20260444	700	0.8516766947452867	0.2773333333333333	0.9147741676694745
ok	0.6609655888255848	4	0.6609655888255848	0.36454849498327757	1	rmtguard_strict_signal	4	4		0.6755014378677922	14.068394660949707	0.053691707685640945	0	1.362854500001049	branching_trajectory	20261453	700	0.8932555154432411	0.3184444444444444	0.935866024869635
ok	0.4303496397958735	3	0.4303496397958735	0.47491638795986624	1	fixed_pcs_30	30	30		0.328415953545349	5.32999324798584	0.053691707685640945	0	1.477054799999678	branching_trajectory	20262462	700	0.753663858804653	0.21511111111111111	0.8707557160048135
ok	0.3087525342415799	3	0.3087525342415799	0.5451505016722408	1	fixed_pcs_50	50	50		0.24161474287250195	5.592109680175781	0.053683707596751076	0	1.5956599000001006	branching_trajectory	20263471	700	0.7029891696750903	0.18911111111111112	0.8499703168872844
ok	nan	4	0.49098598247684855	0.1806020066889632	1	rmtguard	6	6		0.6460990029784628	15.359521865844727	0.4831409237880421	0	2.135830999999598	cyclic_loop	20260461	700	0.931746490172483	0.4093333333333334	0.9444492579221822
ok	nan	4	0.49098598247684855	0.1806020066889632	1	rmtguard_strict_signal	6	6		0.6376552680858517	14.441044807434082	0.4831409237880421	0	1.892767499999536	cyclic_loop	20261470	700	0.931746490172483	0.4093333333333334	0.9444492579221822
ok	nan	4	0.4463401524508478	0.2040133779264214	1	fixed_pcs_30	30	30		0.4348225432967207	5.235129356384277	0.4831409237880421	0	1.4308705999992526	cyclic_loop	20262479	700	0.8331119133574008	0.30666666666666664	0.9156582430806257
ok	nan	4	0.2641589490188921	0.32441471571906355	1	fixed_pcs_50	50	50		0.324242003569951	5.5570478439331055	0.4831409237880421	0	1.7598056999995606	cyclic_loop	20263488	700	0.7834336141195347	0.26866666666666666	0.8969081427998395
ok	nan	3	0.5670519646065668	0.07357859531772576	1	rmtguard	4	3		0.772823868007784	15.54050064086914	0.9870131890354337	1	1.923455300000569	linear_trajectory	20260528	700	0.8907693541917369	0.31933333333333336	0.9390830324909747
ok	nan	3	0.6449032346374313	0.046822742474916385	1	rmtguard_strict_signal	3	3		0.8090128113765633	14.230323791503906	0.9870131890354337	1	1.3639110999993136	linear_trajectory	20261537	700	0.9012258323305254	0.3455555555555555	0.9484709185720016
ok	nan	4	0.4629696239056519	0.27759197324414714	1	fixed_pcs_30	30	30		0.45859328436889624	5.350124359130859	0.9870131890354337	1	1.4802868000006129	linear_trajectory	20262546	700	0.7547316486161252	0.20066666666666663	0.8812787805856398
ok	nan	4	0.11944693836782772	0.5518394648829431	1	fixed_pcs_50	50	50		0.38074517664168983	5.606755256652832	0.9870274114156823	1	1.6057259000008344	linear_trajectory	20263555	700	0.7101837144003209	0.17577777777777776	0.8572771760930605
ok	0.6797846500662705	4	0.6797846500662705	0.30434782608695654	1	rmtguard	5	4		0.693933396779722	15.208634376525879	0.8494503272258581	1	1.7615327000003163	branching_trajectory	20260545	700	0.8921099077416768	0.30866666666666664	0.9315034095467308
ok	0.6744110575562308	4	0.6744110575562308	0.2809364548494983	1	rmtguard_strict_signal	4	4		0.727386737730676	14.056934356689453	0.8494503272258581	1	1.2904704000011407	branching_trajectory	20261554	700	0.9017480946650622	0.3322222222222222	0.9379582831929403
ok	0.5052138848475403	4	0.5052138848475403	0.3879598662207358	1	fixed_pcs_30	30	30		0.3241189294833181	5.29888916015625	0.8494049933888155	1	1.4049678999999742	branching_trajectory	20262563	700	0.7594151624548736	0.23177777777777778	0.8733565984757321
ok	0.36876003858403955	3	0.36876003858403955	0.47491638795986624	1	fixed_pcs_50	50	50		0.23475329835743694	5.572786331176758	0.8494503272258581	1	1.7139857999991364	branching_trajectory	20263572	700	0.7053445647813879	0.1953333333333333	0.8462719614921781
ok	nan	4	0.5268915101437801	0.046822742474916385	1	rmtguard	6	5		0.6752453584327012	15.229195594787598	0.43960666229624773	1	1.6983736000001954	cyclic_loop	20260562	700	0.9470092258323305	0.46311111111111114	0.9572755716004814
ok	nan	4	0.6138278301429487	0.033444816053511704	1	rmtguard_strict_signal	5	5		0.6917347955993914	14.187935829162598	0.43960666229624773	1	1.4890046999989863	cyclic_loop	20261571	700	0.946455675892499	0.45355555555555555	0.9595748094665062
ok	nan	5	0.4169642361701337	0.26755852842809363	1	fixed_pcs_30	30	30		0.4732427597476844	5.1798295974731445	0.43960666229624773	1	1.251245100000233	cyclic_loop	20262580	700	0.8541548335338949	0.32555555555555554	0.9222615322904132
ok	nan	4	0.2778526771017259	0.38127090301003347	1	fixed_pcs_50	50	50		0.38526940930857007	5.495156288146973	0.43960666229624773	1	1.564476999999897	cyclic_loop	20263589	700	0.8090589651022864	0.28044444444444444	0.9064973926995588
ok	nan	3	0.6408425362882771	0.05351170568561873	1	rmtguard	5	3		0.7412910824263041	15.43647289276123	0.9876607517861309	2	1.8132737000014458	linear_trajectory	20260629	700	0.8805230645808263	0.31066666666666665	0.9307131969514642
ok	nan	3	0.6308647130820575	0.06020066889632107	1	rmtguard_strict_signal	3	3		0.7727125442931152	14.109170913696289	0.9876607517861309	2	1.3843550000001414	linear_trajectory	20261638	700	0.8999735258724428	0.35044444444444445	0.9466666666666667
ok	nan	4	0.49943527456278025	0.2408026755852843	1	fixed_pcs_30	30	30		0.43383639064005564	5.31429386138916	0.9876611962355137	2	1.5243458000004466	linear_trajectory	20262647	700	0.7520465302847974	0.20555555555555552	0.8728848776574408
ok	nan	5	0.16691083865869538	0.6086956521739131	1	fixed_pcs_50	50	50		0.3400243214359057	5.598306655883789	0.9876607517861309	2	1.6120948999996472	linear_trajectory	20263656	700	0.7107821901323707	0.18	0.8527027677496992
ok	0.635375895116793	3	0.635375895116793	0.30434782608695654	1	rmtguard	9	4		0.6696975013748526	16.08255672454834	0.8183308703430037	2	2.3201294999998936	branching_trajectory	20260646	700	0.8647982350581629	0.28222222222222226	0.9121580425190533
ok	0.6502555416973371	4	0.6502555416973371	0.29431438127090304	1	rmtguard_strict_signal	4	4		0.7627183978340821	14.189445495605469	0.8183308703430037	2	1.3812225999990915	branching_trajectory	20261655	700	0.9079879663056558	0.3297777777777778	0.9367821901323706
ok	0.4972918383326813	3	0.4972918383326813	0.35785953177257523	1	fixed_pcs_30	30	30		0.39423413904979626	5.3202056884765625	0.8183308703430037	2	1.689658799999961	branching_trajectory	20262664	700	0.7702326514239872	0.22866666666666666	0.866748495788207
ok	0.2489756007372572	5	0.2489756007372572	0.5518394648829431	1	fixed_pcs_50	50	50		0.286721009569112	5.610776901245117	0.8183308703430037	2	1.683866899998975	branching_trajectory	20263673	700	0.7212402727637385	0.1953333333333333	0.8367821901323707
ok	nan	4	0.5590719471822481	0.11036789297658862	1	rmtguard	8	6		0.6479834960981935	15.691360473632812	0.4545126056956188	2	2.1646118000007846	cyclic_loop	20260663	700	0.9268006417970317	0.40711111111111115	0.9495467308463699
ok	nan	3	0.46517034832296195	0.09698996655518395	1	rmtguard_strict_signal	6	6		0.6640477269687087	14.574295043945312	0.4545126056956188	2	2.0546025000003283	cyclic_loop	20261672	700	0.9331263537906137	0.41533333333333333	0.9512980344965905
ok	nan	4	0.41307825373544305	0.2040133779264214	1	fixed_pcs_30	30	30		0.44678059323166974	5.244409561157227	0.4545126056956188	2	1.487441499999477	cyclic_loop	20262681	700	0.842965102286402	0.30977777777777776	0.9144612916165262
ok	nan	4	0.32654799349688396	0.3210702341137124	1	fixed_pcs_50	50	50		0.3577255484516513	5.505305290222168	0.4545126056956188	2	1.5866069000003336	cyclic_loop	20263690	700	0.7941949458483755	0.26555555555555554	0.9002599277978339
ok	nan	3	0.58624578998835	0.07357859531772576	1	rmtguard	5	3		0.7513937356849705	15.508844375610352	0.9889483216480182	3	1.9019779999998718	linear_trajectory	20260730	700	0.8892579221821099	0.2991111111111111	0.9318018451664661
ok	nan	3	0.591442521941289	0.026755852842809364	1	rmtguard_strict_signal	3	3		0.8040777490190786	13.976595878601074	0.9889483216480182	3	1.5626167000009445	linear_trajectory	20261739	700	0.9099069394304051	0.34777777777777774	0.9463056558363417
ok	nan	4	0.42369866758997915	0.2608695652173913	1	fixed_pcs_30	30	30		0.47332203287336977	5.306068420410156	0.9889483216480182	3	1.5665716000003158	linear_trajectory	20262748	700	0.7728455675892499	0.2011111111111111	0.8809891696750902
ok	nan	4	0.13986462342764033	0.5618729096989966	1	fixed_pcs_50	50	50		0.3822043582678611	5.545148849487305	0.9889483216480182	3	1.6453301000001375	linear_trajectory	20263757	700	0.7305599679101484	0.17044444444444445	0.8594215804251906
ok	0.6459947860623644	3	0.6459947860623644	0.25752508361204013	1	rmtguard	6	4		0.6316747940496439	15.50318431854248	0.8190339892665475	3	1.9915074999989884	branching_trajectory	20260747	700	0.8806594464500601	0.30333333333333334	0.923482551143201
ok	0.7086893169414316	4	0.7086893169414316	0.27759197324414714	1	rmtguard_strict_signal	4	4		0.7204691759695359	14.02120590209961	0.8190339892665475	3	1.342783200001577	branching_trajectory	20261756	700	0.9049843561973526	0.32422222222222224	0.9356325711993582
ok	0.4512367384016152	3	0.4512367384016152	0.40468227424749165	1	fixed_pcs_30	30	30		0.29360101665620686	5.264670372009277	0.8190806564517382	3	1.4222293000002537	branching_trajectory	20262765	700	0.7553533894905736	0.21266666666666667	0.8600088247091857
ok	0.3196074346613422	4	0.3196074346613422	0.5585284280936454	1	fixed_pcs_50	50	50		0.17183668674743663	5.582201957702637	0.8190339892665475	3	1.712109000000055	branching_trajectory	20263774	700	0.7022254312073807	0.19155555555555556	0.8311672683513839
ok	nan	4	0.6206667840775245	0.08695652173913043	1	rmtguard	5	5		0.6739094676152082	15.162951469421387	0.21538017089078765	3	1.8324465999994572	cyclic_loop	20260764	700	0.9350461291616526	0.4188888888888889	0.9498523866827115
ok	nan	4	0.6206667840775245	0.08695652173913043	1	rmtguard_strict_signal	5	5		0.6619580700473292	14.24536418914795	0.21538017089078765	3	1.6399227000001702	cyclic_loop	20261773	700	0.9350461291616526	0.4188888888888889	0.9498523866827115
ok	nan	4	0.3287519563033994	0.18729096989966554	1	fixed_pcs_30	30	30		0.41953443105453625	5.262419700622559	0.21538017089078765	3	1.47351449999951	cyclic_loop	20262782	700	0.8400128359406338	0.3077777777777777	0.9201756919374248
ok	nan	3	0.2887222079991638	0.3277591973244147	1	fixed_pcs_50	50	50		0.316339492966943	5.538232803344727	0.21538017089078765	3	1.700048999999126	cyclic_loop	20263791	700	0.7905190533493782	0.27688888888888885	0.9040553549939832
ok	nan	3	0.6345685946182837	0.020066889632107024	1	rmtguard	5	3		0.7632978807785371	15.585306167602539	0.9840798231091457	4	2.1808237000004738	linear_trajectory	20260831	700	0.8799663056558363	0.3	0.9326193341355796
ok	nan	3	0.6451341068666081	0.033444816053511704	1	rmtguard_strict_signal	3	3		0.8258682601519328	14.000323295593262	0.9840798231091457	4	1.7428218000004563	linear_trajectory	20261840	700	0.8973509827517048	0.33333333333333326	0.9447172081829122
ok	nan	4	0.41525347173888794	0.2508361204013378	1	fixed_pcs_30	30	30		0.48811083291525414	5.397995948791504	0.9840798231091457	4	1.953249300000607	linear_trajectory	20262849	700	0.754610509426394	0.19466666666666663	0.8812330525471319
ok	nan	4	0.13539463035588495	0.49498327759197325	1	fixed_pcs_50	50	50		0.37710728157041906	5.593170166015625	0.9840798231091457	4	1.7627850000008038	linear_trajectory	20263858	700	0.7098933012434818	0.17555555555555552	0.8625134376253509
ok	0.6061536478921621	4	0.6061536478921621	0.34782608695652173	1	rmtguard	7	4		0.6528587582453963	15.613015174865723	0.6758821764686274	4	2.0780501999997796	branching_trajectory	20260848	700	0.8731022864019253	0.2791111111111111	0.921012434817489
ok	0.6260221867544549	4	0.6260221867544549	0.3210702341137124	1	rmtguard_strict_signal	4	4		0.7351673213379096	14.017105102539062	0.6758821764686274	4	1.4716171000000031	branching_trajectory	20261857	700	0.9036855194544725	0.326	0.9365367027677497
ok	0.517479555807008	3	0.517479555807008	0.34782608695652173	1	fixed_pcs_30	30	30		0.3483925087880567	5.323233604431152	0.6758359537328191	4	1.514279600000009	branching_trajectory	20262866	700	0.7546827115924589	0.2202222222222222	0.878752507019655
ok	0.3455451811075079	5	0.3455451811075079	0.5351170568561873	1	fixed_pcs_50	50	50		0.24893406214815528	5.547082901000977	0.6758821764686274	4	1.6343264000006457	branching_trajectory	20263875	700	0.7041395908543924	0.1962222222222222	0.8548070597673486
ok	nan	4	0.6362553626796127	0.06020066889632107	1	rmtguard	6	5		0.6498713528298552	15.28930950164795	0.5943643818264647	4	1.9322969999993802	cyclic_loop	20260865	700	0.9353854793421581	0.4315555555555556	0.9520545527476936
ok	nan	4	0.6500392002843394	0.0802675585284281	1	rmtguard_strict_signal	5	5		0.6736388849351055	14.104059219360352	0.5943643818264647	4	1.5154354000005696	cyclic_loop	20261874	700	0.9402976333734456	0.44200000000000006	0.9540240673886883
ok	nan	4	0.3561847220263165	0.2140468227424749	1	fixed_pcs_30	30	30		0.4310967330146071	5.250723838806152	0.5943643818264647	4	1.5197250000001077	cyclic_loop	20262883	700	0.8378852787805856	0.3104444444444444	0.9165575611712796
ok	nan	4	0.2640928621408605	0.44481605351170567	1	fixed_pcs_50	50	50		0.3676390886280475	5.548614501953125	0.5943643818264647	4	1.717677200000253	cyclic_loop	20263892	700	0.7858748495788207	0.26199999999999996	0.8962029683112716
ok	nan	3	0.6043479630275151	0.10702341137123746	1	rmtguard	5	3		0.765891451198578	15.577526092529297	0.9905852287247635	5	2.328337200000533	linear_trajectory	20260932	700	0.8790677898114722	0.28288888888888886	0.9276253509827517
ok	nan	3	0.6202693387744757	0.033444816053511704	1	rmtguard_strict_signal	3	3		0.8206348894360687	14.122946739196777	0.9905852287247635	5	1.4763325000003533	linear_trajectory	20261941	700	0.9012643401524267	0.3224444444444444	0.9436325711993582
ok	nan	4	0.4358046196194765	0.23411371237458195	1	fixed_pcs_30	30	30		0.46943235202760414	5.352930068969727	0.9905852287247635	5	1.5538090000009106	linear_trajectory	20262950	700	0.7570052146008824	0.19222222222222218	0.8771841155234656
ok	nan	5	0.12326012905480278	0.47491638795986624	1	fixed_pcs_50	50	50		0.3725877416058693	5.61696720123291	0.9905852287247635	5	1.7492735000014363	linear_trajectory	20263959	700	0.7096726835138387	0.1762222222222222	0.8613702366626554
ok	0.589500737688788	3	0.589500737688788	0.27424749163879597	1	rmtguard	6	4		0.6872461714976873	15.520889282226562	0.6318190202113357	5	2.217980199999147	branching_trajectory	20260949	700	0.8849177697553149	0.32444444444444437	0.9292202166064982
ok	0.7129282965262211	3	0.7129282965262211	0.2909698996655518	1	rmtguard_strict_signal	4	4		0.7593738200054666	14.02718448638916	0.6318190202113357	5	1.5163506000008056	branching_trajectory	20261958	700	0.9091865222623345	0.3657777777777778	0.9445182511030886
ok	0.4833131774044541	3	0.4833131774044541	0.3612040133779264	1	fixed_pcs_30	30	30		0.33921063238917654	5.2914533615112305	0.631932799253325	5	1.4837144000011904	branching_trajectory	20262967	700	0.7578957079823506	0.23133333333333336	0.8713116726835138
ok	0.3523193959252133	4	0.3523193959252133	0.46488294314381273	1	fixed_pcs_50	50	50		0.24954198375473144	5.530889511108398	0.631860798453316	5	1.7047963999993954	branching_trajectory	20263976	700	0.7116109105495387	0.20688888888888887	0.8416935419173687
ok	nan	3	0.5505735444706947	0.07023411371237458	1	rmtguard	5	5		0.6659961071564441	15.162020683288574	0.49269302992255465	5	2.0980227000000014	cyclic_loop	20260966	700	0.9333830726032892	0.426	0.9505431207380666
ok	nan	3	0.5505735444706947	0.07023411371237458	1	rmtguard_strict_signal	5	5		0.6696646629980595	14.24490737915039	0.49269302992255465	5	1.8179249000004347	cyclic_loop	20261975	700	0.9333830726032892	0.426	0.9505431207380666
ok	nan	4	0.4030062646848137	0.2842809364548495	1	fixed_pcs_30	30	30		0.439931015064642	5.218832015991211	0.49269302992255465	5	1.3905217999999877	cyclic_loop	20262984	700	0.8254239871640594	0.3053333333333333	0.9111191335740072
ok	nan	4	0.19634695622086684	0.43812709030100333	1	fixed_pcs_50	50	50		0.34424255230454515	5.53700065612793	0.49269302992255465	5	1.6704913000012311	cyclic_loop	20263993	700	0.776940232651424	0.2713333333333333	0.8933148816686722
ok	nan	3	0.6144269013669864	0.05351170568561873	1	rmtguard	6	3		0.7413631181866703	15.856607437133789	0.9914425715841286	6	2.2611675999996805	linear_trajectory	20261033	700	0.873146409947854	0.29133333333333333	0.9313333333333333
ok	nan	3	0.6150260011737423	0.026755852842809364	1	rmtguard_strict_signal	3	3		0.8159063366909098	14.109208106994629	0.9914425715841286	6	1.495084100000895	linear_trajectory	20262042	700	0.9013630164460489	0.3473333333333333	0.9491103088648215
ok	nan	5	0.43993014097681227	0.2608695652173913	1	fixed_pcs_30	30	30		0.4663453202640329	5.4521484375	0.9914425715841286	6	1.8083839000009903	linear_trajectory	20263051	700	0.7650284797432811	0.20977777777777773	0.8861604492579221
ok	nan	5	0.31216181467726645	0.3779264214046823	1	fixed_pcs_50	50	50		0.38607848850527826	5.6115007400512695	0.9914425715841286	6	2.0186449000011635	linear_trajectory	20264060	700	0.7173910950661853	0.1935555555555555	0.8703128760529483
ok	0.5481275168784151	4	0.5481275168784151	0.31438127090301005	1	rmtguard	6	4		0.6917439847107086	15.308568954467773	0.8157623973599706	6	2.0984415000002627	branching_trajectory	20261050	700	0.8967276373846771	0.31333333333333335	0.9261524267950261
ok	0.6128003515800781	4	0.6128003515800781	0.3110367892976589	1	rmtguard_strict_signal	4	4		0.7351686473353024	14.1123046875	0.8157623973599706	6	1.5280954999998357	branching_trajectory	20262059	700	0.9116494183714401	0.34644444444444444	0.9348808664259928
ok	0.33200273711091083	4	0.33200273711091083	0.3779264214046823	1	fixed_pcs_30	30	30		0.3193637360483514	5.246460914611816	0.8158188424315826	6	1.4682995000002848	branching_trajectory	20263068	700	0.7618523866827116	0.22799999999999998	0.8705615724027276
ok	0.37098305498657275	4	0.37098305498657275	0.49498327759197325	1	fixed_pcs_50	50	50		0.21915979635975524	5.535073280334473	0.8157623973599706	6	1.804692800000339	branching_trajectory	20264077	700	0.7093838748495789	0.20488888888888887	0.8528567990373045
ok	nan	4	0.5933435927592122	0.07692307692307693	1	rmtguard	7	5		0.6816473880593412	15.628181457519531	0.5199937777086412	6	2.4403529000010167	cyclic_loop	20261067	700	0.9321748896911352	0.4193333333333333	0.9570204572803851
ok	nan	4	0.5922507406026646	0.10702341137123746	1	rmtguard_strict_signal	5	5		0.7139704894033878	14.169902801513672	0.5199937777086412	6	2.0250668999997288	cyclic_loop	20262076	700	0.94290734055355	0.44933333333333325	0.9628519855595667
ok	nan	4	0.44637554307010335	0.21739130434782608	1	fixed_pcs_30	30	30		0.4614105606723605	5.302033424377441	0.5199937777086412	6	1.6888173000006645	cyclic_loop	20263085	700	0.8472498997192138	0.316	0.9207701564380265
ok	nan	5	0.2735761863013641	0.4214046822742475	1	fixed_pcs_50	50	50		0.35479277105522267	5.595327377319336	0.5199937777086412	6	1.834865799999534	cyclic_loop	20264094	700	0.8037272362615323	0.2757777777777778	0.9029137585238668
ok	nan	3	0.6031296234649541	0.020066889632107024	1	rmtguard	7	3		0.6502873940432508	16.088412284851074	0.9857309525661396	7	2.455672800000684	linear_trajectory	20261134	700	0.856459687123947	0.27777777777777773	0.9194408343361412
ok	nan	3	0.6154025849324825	0.046822742474916385	1	rmtguard_strict_signal	3	3		0.7415794424104784	14.270282745361328	0.9857309525661396	7	1.837675799999488	linear_trajectory	20262143	700	0.8886642599277979	0.3293333333333333	0.9403561973525872
ok	nan	3	0.4594716224712061	0.1806020066889632	1	fixed_pcs_30	30	30		0.3871368286370611	5.384415626525879	0.985720285780953	7	1.8113668999994843	linear_trajectory	20263152	700	0.7495058162855996	0.21422222222222218	0.878358604091456
ok	nan	5	0.11176859893671486	0.6789297658862876	1	fixed_pcs_50	50	50		0.30998978706485547	5.586400032043457	0.9857309525661396	7	2.0204620999993494	linear_trajectory	20264161	700	0.7010581628559969	0.18666666666666665	0.8577288407541115
ok	0.5142492407537086	3	0.5142492407537086	0.3010033444816054	1	rmtguard	7	4		0.6502612194919609	15.63213062286377	0.6882232024800276	7	2.5725081999989925	branching_trajectory	20261151	700	0.8583874849578821	0.2733333333333333	0.9076365824308062
ok	0.5837942132896469	3	0.5837942132896469	0.24414715719063546	1	rmtguard_strict_signal	4	4		0.7142877054403073	14.06983757019043	0.6882232024800276	7	1.6786121000004641	branching_trajectory	20262160	700	0.883309265944645	0.31266666666666665	0.9275619735258724
ok	0.4604639199602349	4	0.4604639199602349	0.38127090301003347	1	fixed_pcs_30	30	30		0.33505538108178917	5.288325309753418	0.6882232024800276	7	1.8364959999998973	branching_trajectory	20263169	700	0.7481403931006819	0.22155555555555556	0.8654793421580425
ok	0.22843396038454356	4	0.22843396038454356	0.4916387959866221	1	fixed_pcs_50	50	50		0.23186878030525804	5.538538932800293	0.6882232024800276	7	1.8869386999995186	branching_trajectory	20264178	700	0.7015282791817088	0.1971111111111111	0.839233052547132
ok	nan	4	0.5988208491134874	0.10033444816053512	1	rmtguard	7	6		0.6176370150980676	15.574440956115723	0.45890376559739554	7	2.444774300000063	cyclic_loop	20261168	700	0.9197665463297232	0.4044444444444445	0.9441203369434417
ok	nan	3	0.5251271408547868	0.06354515050167224	1	rmtguard_strict_signal	6	6		0.6284557927377662	14.423014640808105	0.45890376559739554	7	2.4385911999997916	cyclic_loop	20262177	700	0.9236253509827517	0.4088888888888889	0.9433574007220217
ok	nan	4	0.40796142824501874	0.28762541806020064	1	fixed_pcs_30	30	30		0.3964370550387279	5.2798871994018555	0.4589073211924576	7	1.7409840000000258	cyclic_loop	20263186	700	0.8259647011632572	0.3011111111111111	0.9104163658243081
ok	nan	4	0.3569092281170085	0.33444816053511706	1	fixed_pcs_50	50	50		0.3078629578815592	5.601452827453613	0.4589073211924576	7	1.778934299998582	cyclic_loop	20264195	700	0.7782671480144404	0.2628888888888889	0.8951287605294825
ok	nan	3	0.5988180890288103	0.06020066889632107	1	rmtguard	6	3		0.7602050352513837	15.710461616516113	0.9888203202257801	8	2.2698925000004238	linear_trajectory	20261235	700	0.871942238267148	0.27644444444444444	0.9213357400722022
ok	nan	3	0.6449032346374313	0.013377926421404682	1	rmtguard_strict_signal	3	3		0.8167856742771071	14.227052688598633	0.9888203202257801	8	1.4531872999996267	linear_trajectory	20262244	700	0.9048054552747693	0.3622222222222222	0.9500609707180104
ok	nan	3	0.47387224776747805	0.20066889632107024	1	fixed_pcs_30	30	30		0.4981092036397527	5.374930381774902	0.9888243202702252	8	1.5329034999995201	linear_trajectory	20263253	700	0.7681885278780586	0.19199999999999998	0.8745543521861211
ok	nan	4	0.2197340287072116	0.4782608695652174	1	fixed_pcs_50	50	50		0.39120692953839076	5.611173629760742	0.9888203202257801	8	1.8346758999996382	linear_trajectory	20264262	700	0.7217448856799038	0.16777777777777778	0.8575274769354192
ok	0.5570352627094994	4	0.5570352627094994	0.3210702341137124	1	rmtguard	7	4		0.6770092733221477	15.473977088928223	0.8139983777597529	8	2.1543772000004537	branching_trajectory	20261252	700	0.8767115924588849	0.29333333333333333	0.9228166867228239
ok	0.6365584294081255	4	0.6365584294081255	0.29431438127090304	1	rmtguard_strict_signal	4	4		0.7371238684329124	14.094425201416016	0.8139983777597529	8	1.7008046000009927	branching_trajectory	20262261	700	0.8992466907340554	0.31399999999999995	0.9334665062174088
ok	0.46715909654213106	4	0.46715909654213106	0.4080267558528428	1	fixed_pcs_30	30	30		0.32545567683991294	5.273161888122559	0.8140081556461738	8	2.352929299999232	branching_trajectory	20263270	700	0.7605286803048537	0.23022222222222222	0.8817721620537505
ok	0.3362931590771825	4	0.3362931590771825	0.4882943143812709	1	fixed_pcs_50	50	50		0.2548413935632771	5.545585632324219	0.8139997111079011	8	1.9001872000008007	branching_trajectory	20264279	700	0.7114464500601685	0.20555555555555552	0.8513196951464099
ok	nan	4	0.5893006121013477	0.10033444816053512	1	rmtguard	6	5		0.6491210567050577	15.36456298828125	0.423667818531317	8	3.046726900000067	cyclic_loop	20261269	700	0.9263762535098276	0.4186666666666667	0.949418371440032
ok	nan	4	0.5348438143296708	0.14715719063545152	1	rmtguard_strict_signal	5	5		0.664860782745239	14.228899002075195	0.423667818531317	8	2.1207975999986957	cyclic_loop	20262278	700	0.929598074608905	0.42111111111111116	0.950296831127156
ok	nan	4	0.47583358886995514	0.2709030100334448	1	fixed_pcs_30	30	30		0.40347477456210334	5.250434875488281	0.423667818531317	8	1.6328568999997515	cyclic_loop	20263287	700	0.8309314079422383	0.30666666666666664	0.91220617729643
ok	nan	5	0.3256175421529586	0.3712374581939799	1	fixed_pcs_50	50	50		0.3165359134898895	5.550379753112793	0.423667818531317	8	2.0436907000002975	cyclic_loop	20264296	700	0.7807781789009226	0.27133333333333337	0.8905976734857601
ok	nan	3	0.5047401007272282	0.12374581939799331	1	rmtguard	6	3		0.7501278910439352	15.924163818359375	0.9909336770408559	9	2.7857435999994777	linear_trajectory	20261336	700	0.87373204973927	0.2904444444444444	0.9291632571199359
ok	nan	3	0.6342834504915698	0.05351170568561873	1	rmtguard_strict_signal	3	3		0.8170744372404646	14.202530860900879	0.9909336770408559	9	1.6064312999988033	linear_trajectory	20262345	700	0.8995643802647413	0.3491111111111111	0.9460176494183714
ok	nan	5	0.471119369413207	0.23745819397993312	1	fixed_pcs_30	30	30		0.47416053147530085	5.380910873413086	0.9909336770408559	9	1.8941986999998335	linear_trajectory	20263354	700	0.7571271560369033	0.20399999999999996	0.8822912154031287
ok	nan	5	0.16197128155828874	0.5819397993311036	1	fixed_pcs_50	50	50		0.40681258636381723	5.603767395019531	0.9909336770408559	9	1.890514599999733	linear_trajectory	20264363	700	0.7139638989169674	0.18266666666666664	0.86620617729643
ok	0.6558268085560317	4	0.6558268085560317	0.3076923076923077	1	rmtguard	6	4		0.6022600538552214	15.713225364685059	0.6853893932154801	9	2.3823379000004934	branching_trajectory	20261353	700	0.8605367027677497	0.28888888888888886	0.9137914159647011
ok	0.6735847628766387	4	0.6735847628766387	0.2976588628762542	1	rmtguard_strict_signal	4	4		0.6771605415074778	14.070466995239258	0.6853893932154801	9	1.605696500000704	branching_trajectory	20262362	700	0.8840609707180105	0.3122222222222222	0.9243738467709587
ok	0.38351550819520275	4	0.38351550819520275	0.4214046822742475	1	fixed_pcs_30	30	30		0.2783611440691691	5.287297248840332	0.685407171190791	9	1.756486299998869	branching_trajectory	20263371	700	0.72503088648215	0.2073333333333333	0.8517280385078219
ok	0.2826838216445383	4	0.2826838216445383	0.5886287625418061	1	fixed_pcs_50	50	50		0.19734732470303695	5.56986141204834	0.6853893932154801	9	1.8995821000007709	branching_trajectory	20264380	700	0.678744484556759	0.1931111111111111	0.8311600481347774
ok	nan	4	0.5721174220760815	0.10367892976588629	1	rmtguard	5	5		0.6889233299576988	15.21047306060791	0.43231280347559414	9	2.152693599999111	cyclic_loop	20261370	700	0.9239205776173285	0.4037777777777778	0.949171279582832
ok	nan	4	0.5721174220760815	0.10367892976588629	1	rmtguard_strict_signal	5	5		0.6822616775256923	14.293338775634766	0.43231280347559414	9	1.8727737999997771	cyclic_loop	20262379	700	0.9239205776173285	0.4037777777777778	0.949171279582832
ok	nan	5	0.4247301917142176	0.27424749163879597	1	fixed_pcs_30	30	30		0.43161064029035245	5.227513313293457	0.43229502550028326	9	1.5776621000004525	cyclic_loop	20263388	700	0.8346450060168471	0.33199999999999996	0.9260713999197754
ok	nan	5	0.33226536052402417	0.33444816053511706	1	fixed_pcs_50	50	50		0.3492295823721245	5.547689437866211	0.43231280347559414	9	1.9267230999994354	cyclic_loop	20264397	700	0.7837336542318492	0.2848888888888889	0.9066546329723225
ok	nan	3	0.6079736036760309	0.06020066889632107	1	rmtguard	5	3		0.7610716662126197	15.594466209411621	0.9902203357815086	10	2.2815076999995654	linear_trajectory	20261437	700	0.8860970718010429	0.29777777777777775	0.9350549538708384
ok	nan	3	0.6024552160557344	0.07357859531772576	1	rmtguard_strict_signal	3	3		0.7996832128732344	14.08376407623291	0.9902203357815086	10	1.7256297999992967	linear_trajectory	20262446	700	0.9071825110308864	0.3546666666666667	0.9502085840352988
ok	nan	3	0.41825619114634244	0.27759197324414714	1	fixed_pcs_30	30	30		0.46872355441353764	5.342909812927246	0.9902203357815086	10	1.7570918999990681	linear_trajectory	20263455	700	0.7599839550742078	0.20666666666666664	0.8833212996389892
ok	nan	4	0.10549627061718418	0.5618729096989966	1	fixed_pcs_50	50	50		0.3848615128288904	5.607739448547363	0.9902203357815086	10	2.141317400000844	linear_trajectory	20264464	700	0.7129169675090252	0.18533333333333332	0.8606089049338147
ok	0.5841747417951099	3	0.5841747417951099	0.22408026755852842	1	rmtguard	5	4		0.6689227432411738	15.323840141296387	0.8039640440449338	10	2.195306999999957	branching_trajectory	20261454	700	0.8779542719614921	0.3151111111111111	0.924546329723225
ok	0.5914414168472562	3	0.5914414168472562	0.22742474916387959	1	rmtguard_strict_signal	4	4		0.7001642478062727	14.154190063476562	0.8039640440449338	10	1.5478892999999516	branching_trajectory	20262463	700	0.8881323706377858	0.3317777777777778	0.930997994384276
ok	0.4584935077526768	4	0.4584935077526768	0.40468227424749165	1	fixed_pcs_30	30	30		0.30115626071668383	5.277300834655762	0.8039182657585083	10	1.638078800000585	branching_trajectory	20263472	700	0.7395379061371841	0.2148888888888889	0.8681219414360208
ok	0.36908156409116716	3	0.36908156409116716	0.4816053511705686	1	fixed_pcs_50	50	50		0.2019048842044994	5.593653678894043	0.8040391559906221	10	1.9136766999999963	branching_trajectory	20264481	700	0.6896261532290413	0.19599999999999998	0.8396815082230245
ok	nan	4	0.6205480851705737	0.06354515050167224	1	rmtguard	6	5		0.6582853099174855	15.357125282287598	0.5475891954355048	10	2.2601971000003687	cyclic_loop	20261471	700	0.9362005615724027	0.4495555555555556	0.9553967107902126
ok	nan	4	0.6487434882858267	0.05351170568561873	1	rmtguard_strict_signal	5	5		0.675162911656264	14.200956344604492	0.5475891954355048	10	1.7864790999992692	cyclic_loop	20262480	700	0.9381403931006819	0.44333333333333336	0.9547268351383875
ok	nan	4	0.4545218707361185	0.19732441471571907	1	fixed_pcs_30	30	30		0.43390365987059104	5.253077507019043	0.5475891954355048	10	1.587313100000756	cyclic_loop	20263489	700	0.8510926594464501	0.3342222222222222	0.9235812274368231
ok	nan	4	0.3180869652518678	0.35451505016722407	1	fixed_pcs_50	50	50		0.34604647155778034	5.5823564529418945	0.5475891954355048	10	2.085205400000632	cyclic_loop	20264498	700	0.8066738868832731	0.28244444444444444	0.9063040513437626
ok	nan	3	0.625020417486993	0.026755852842809364	1	rmtguard	4	3		0.7691715784303167	15.323500633239746	0.9894372159690662	11	1.7685500999996293	linear_trajectory	20261538	700	0.887280385078219	0.3151111111111111	0.9367821901323706
ok	nan	3	0.636099041747618	0.020066889632107024	1	rmtguard_strict_signal	3	3		0.7878534073951085	14.14621639251709	0.9894372159690662	11	1.6715650999994978	linear_trajectory	20262547	700	0.8989474528680305	0.3448888888888889	0.9462133975130365
ok	nan	4	0.5002429557064092	0.20735785953177258	1	fixed_pcs_30	30	30		0.4095594698687267	5.343503952026367	0.9894372159690662	11	1.82467700000052	linear_trajectory	20263556	700	0.742958684316085	0.19333333333333333	0.8710806257521059
ok	nan	3	0.23119870663137396	0.36454849498327757	1	fixed_pcs_50	50	50		0.3307213761337151	5.569807052612305	0.9894372159690662	11	1.908950700000787	linear_trajectory	20264565	700	0.6980930605695949	0.17688888888888887	0.8534071399919776
ok	0.6473634330335938	3	0.6473634330335938	0.22742474916387959	1	rmtguard	5	4		0.6823369762655296	15.188358306884766	0.815311725685841	11	1.9344435000002704	branching_trajectory	20261555	700	0.8859911752908143	0.3088888888888889	0.9220705976734858
ok	0.6015884231967052	4	0.6015884231967052	0.2709030100334448	1	rmtguard_strict_signal	4	4		0.7263704060925108	14.031399726867676	0.815311725685841	11	1.461047700000563	branching_trajectory	20262564	700	0.8962174087444845	0.312	0.9286161251504211
ok	0.5031888676570592	3	0.5031888676570592	0.38461538461538464	1	fixed_pcs_30	30	30		0.3163943836363611	5.356911659240723	0.8153321703574484	11	1.6158262999997532	branching_trajectory	20263573	700	0.754651423987164	0.22222222222222218	0.8758178900922583
ok	0.43389438327789703	3	0.43389438327789703	0.3979933110367893	1	fixed_pcs_50	50	50		0.2037425186854088	5.561122894287109	0.8153397259969556	11	2.4478240000007645	branching_trajectory	20264582	700	0.7027348576012835	0.19288888888888886	0.8550012033694344
ok	nan	3	0.5223312195867542	0.043478260869565216	1	rmtguard	7	7		0.6696690946328225	14.269026756286621	0.5206008955655063	11	2.215490399999908	cyclic_loop	20261572	400	0.9532667468912956	0.44888888888888895	0.9565519454472523
ok	nan	3	0.5223312195867542	0.043478260869565216	1	rmtguard_strict_signal	7	7		0.6756964451982813	13.351134300231934	0.5206008955655063	11	2.001571900000272	cyclic_loop	20262581	400	0.9532667468912956	0.44888888888888895	0.9565519454472523
ok	nan	4	0.40664163066684356	0.2976588628762542	1	fixed_pcs_30	30	30		0.457270352133855	5.185416221618652	0.5059736219291325	11	1.602457900000445	cyclic_loop	20263590	700	0.8440681909346169	0.31555555555555553	0.9159398315282792
ok	nan	4	0.18905846944796048	0.38127090301003347	1	fixed_pcs_50	50	50		0.3567142940752384	5.483739852905273	0.5059736219291325	11	1.7546173999999155	cyclic_loop	20264599	700	0.7979205776173285	0.278	0.9006554352186121
ok	nan	3	0.6403803747724284	0.026755852842809364	1	rmtguard	4	3		0.7997786187671639	15.475842475891113	0.9854545050500559	12	2.0117575000003853	linear_trajectory	20261639	700	0.8910148415563578	0.3108888888888889	0.9376590453269154
ok	nan	3	0.6260699054769865	0.04013377926421405	1	rmtguard_strict_signal	3	3		0.8182007611262637	14.197746276855469	0.9854545050500559	12	1.543605099999695	linear_trajectory	20262648	700	0.9028110709987966	0.34199999999999997	0.9463313277176093
ok	nan	4	0.4097559230729701	0.25418060200668896	1	fixed_pcs_30	30	30		0.46167376176262337	5.337388038635254	0.9854545050500559	12	1.8889239999989513	linear_trajectory	20263657	700	0.7546089049338147	0.19133333333333333	0.8742342559165663
ok	nan	3	0.16853092479794293	0.4013377926421405	1	fixed_pcs_50	50	50		0.39180579638663765	5.60092830657959	0.9854545050500559	12	2.0455775999998878	linear_trajectory	20264666	700	0.7131231448054552	0.1764444444444444	0.8574713196951465
ok	0.6103531041439316	3	0.6103531041439316	0.2809364548494983	1	rmtguard	4	4		0.7088204954072034	14.952616691589355	0.8809271214124601	12	2.131577299998753	branching_trajectory	20261656	700	0.8991752908142799	0.3253333333333333	0.9418475732049739
ok	0.6103531041439316	3	0.6103531041439316	0.2809364548494983	1	rmtguard_strict_signal	4	4		0.7085936028114308	14.040611267089844	0.8809271214124601	12	1.6052648999993835	branching_trajectory	20262665	700	0.8991752908142799	0.3253333333333333	0.9418475732049739
ok	0.49293548969410333	3	0.49293548969410333	0.3779264214046823	1	fixed_pcs_30	30	30		0.3299880010438348	5.267119407653809	0.8809271214124601	12	1.7153395999994245	branching_trajectory	20263674	700	0.7638202968311272	0.2322222222222222	0.8836975531488167
ok	0.26845993425204867	4	0.26845993425204867	0.568561872909699	1	fixed_pcs_50	50	50		0.25095143483065063	5.596528053283691	0.8809168990766564	12	2.2233773000007204	branching_trajectory	20264683	700	0.7135804251905336	0.206	0.8585070196550341
ok	nan	4	0.591692127463048	0.08361204013377926	1	rmtguard	6	5		0.6424320009422939	15.659036636352539	0.5453296147734974	12	2.359101699999883	cyclic_loop	20261673	700	0.9228022462896109	0.4	0.9456879261933413
ok	nan	3	0.5323624808054267	0.0802675585284281	1	rmtguard_strict_signal	5	5		0.6615982588003605	14.340290069580078	0.5453296147734974	12	2.2435169000000315	cyclic_loop	20262682	700	0.9303369434416366	0.416	0.9505920577617328
ok	nan	4	0.4271160541549183	0.1939799331103679	1	fixed_pcs_30	30	30		0.410555802199079	5.291033744812012	0.5453296147734974	12	1.726194899998518	cyclic_loop	20263691	700	0.825808263136783	0.2977777777777778	0.9104572803850782
ok	nan	5	0.24697327580433304	0.38127090301003347	1	fixed_pcs_50	50	50		0.32191957066673405	5.612641334533691	0.5453296147734974	12	1.8827136999989307	cyclic_loop	20264700	700	0.7726297633373446	0.25177777777777777	0.8925439229843561
ok	nan	3	0.6646482027687562	0.026755852842809364	1	rmtguard	3	3		0.7931759992969177	15.065566062927246	0.9827784753163924	13	1.8208354999987932	linear_trajectory	20261740	700	0.9049490573606097	0.3562222222222222	0.9488142799839551
ok	nan	3	0.6646482027687562	0.026755852842809364	1	rmtguard_strict_signal	3	3		0.7955841251180408	14.14587688446045	0.9827784753163924	13	1.629102699998839	linear_trajectory	20262749	700	0.9049490573606097	0.3562222222222222	0.9488142799839551
ok	nan	3	0.38731370260236214	0.27424749163879597	1	fixed_pcs_30	30	30		0.45961117308863814	5.3567914962768555	0.9827784753163924	13	1.9087655000002997	linear_trajectory	20263758	700	0.75661853188929	0.20288888888888887	0.8785744083433614
ok	nan	5	0.18364939837680855	0.5284280936454849	1	fixed_pcs_50	50	50		0.39446832731188286	5.650888442993164	0.9827784753163924	13	2.069531099999949	linear_trajectory	20264767	700	0.7118202968311271	0.17733333333333334	0.857088648215002
ok	0.7010910878069306	3	0.7010910878069306	0.25418060200668896	1	rmtguard	6	4		0.6582231135255602	15.39136028289795	0.8291243236035956	13	2.2073887000005925	branching_trajectory	20261757	700	0.8810356999598877	0.29688888888888887	0.9221700762133975
ok	0.6357116785567981	4	0.6357116785567981	0.29431438127090304	1	rmtguard_strict_signal	4	4		0.728433464527011	14.01187801361084	0.8291243236035956	13	1.4903169999997772	branching_trajectory	20262766	700	0.9030798235058163	0.33266666666666667	0.9343882872041717
ok	0.5292148987629058	3	0.5292148987629058	0.3745819397993311	1	fixed_pcs_30	30	30		0.3048367438039964	5.254164695739746	0.8291207680085335	13	1.6385033999995358	branching_trajectory	20263775	700	0.7497384677095869	0.2091111111111111	0.8658788608102688
ok	0.2742082900465039	3	0.2742082900465039	0.5451505016722408	1	fixed_pcs_50	50	50		0.1962715464483202	5.585007667541504	0.8291087678751986	13	2.472516200001337	branching_trajectory	20264784	700	0.697160850381067	0.1802222222222222	0.8363802647412756
ok	nan	3	0.5096398818827439	0.056856187290969896	1	rmtguard	6	6		0.6450911346911656	15.50959300994873	0.44899032211469014	13	2.4706255000000965	cyclic_loop	20261774	700	0.9345832330525471	0.4331111111111111	0.956181307661452
ok	nan	3	0.5096398818827439	0.056856187290969896	1	rmtguard_strict_signal	6	6		0.6486450115579541	14.589856147766113	0.44899032211469014	13	1.9623078999993595	cyclic_loop	20262783	700	0.9345832330525471	0.4331111111111111	0.956181307661452
ok	nan	4	0.39227611725422307	0.22408026755852842	1	fixed_pcs_30	30	30		0.40489623149174053	5.237387657165527	0.44899032211469014	13	1.5522368000001734	cyclic_loop	20263792	700	0.833638989169675	0.3151111111111111	0.9168896911351785
ok	nan	3	0.31397572111392735	0.28762541806020064	1	fixed_pcs_50	50	50		0.35173126090706575	5.556005477905273	0.44899032211469014	13	1.6718753999994078	cyclic_loop	20264801	700	0.784661853188929	0.2753333333333334	0.8965920577617329
ok	nan	3	0.5652822863122546	0.11371237458193979	1	rmtguard	5	3		0.7568422324647852	15.590405464172363	0.9874914165712951	14	2.1482054999996762	linear_trajectory	20261841	700	0.882393902928199	0.30466666666666664	0.9339687123947051
ok	nan	3	0.618994475386049	0.020066889632107024	1	rmtguard_strict_signal	3	3		0.8056485488380508	14.189515113830566	0.9874914165712951	14	1.3564138000001549	linear_trajectory	20262850	700	0.90082470918572	0.34844444444444445	0.9460633774568793
ok	nan	3	0.4533088312910852	0.21070234113712374	1	fixed_pcs_30	30	30		0.46535667101885914	5.365405082702637	0.9874914165712951	14	1.5369536999987758	linear_trajectory	20263859	700	0.7627725631768953	0.19666666666666666	0.8792587244283995
ok	nan	5	0.25368161406214945	0.34448160535117056	1	fixed_pcs_50	50	50		0.38875756569896025	5.565304756164551	0.9874914165712951	14	1.7489199999999983	linear_trajectory	20264868	700	0.7164653028479744	0.18133333333333332	0.8631616526273566
ok	0.5888353716595158	4	0.5888353716595158	0.3076923076923077	1	rmtguard	5	4		0.7137045649775333	15.218219757080078	0.752899032211469	14	1.7724280000002182	branching_trajectory	20261858	700	0.8923738467709587	0.30777777777777776	0.9275844364219815
ok	0.6050024055458925	4	0.6050024055458925	0.2709030100334448	1	rmtguard_strict_signal	4	4		0.7510377028612744	14.004064559936523	0.752899032211469	14	1.4764245999995183	branching_trajectory	20262867	700	0.9048479743281187	0.32155555555555554	0.935659847573205
ok	0.5529359481920215	3	0.5529359481920215	0.34782608695652173	1	fixed_pcs_30	30	30		0.34903900234669977	5.233424186706543	0.752899032211469	14	1.3883136000004015	branching_trajectory	20263876	700	0.7652932210188528	0.22911111111111107	0.8732049739269956
ok	0.43361301612128866	4	0.43361301612128866	0.46488294314381273	1	fixed_pcs_50	50	50		0.21473533000314546	5.576201438903809	0.752899032211469	14	1.693029399999432	branching_trajectory	20264885	700	0.7156903329322102	0.20555555555555552	0.8543104693140794
ok	nan	3	0.5217248341436789	0.08361204013377926	1	rmtguard	7	5		0.6732258858741116	15.671167373657227	0.4656073956377293	14	2.1988321000008	cyclic_loop	20261875	700	0.9364893702366627	0.42111111111111116	0.9497761732851986
ok	nan	4	0.6461535658975472	0.10702341137123746	1	rmtguard_strict_signal	5	5		0.7043774925228149	14.242349624633789	0.4656073956377293	14	1.6123230000011972	cyclic_loop	20262884	700	0.9465350982751705	0.43933333333333335	0.9562872041716807
ok	nan	3	0.4288865261120559	0.14381270903010032	1	fixed_pcs_30	30	30		0.43913551616600593	5.230884552001953	0.4656073956377293	14	1.4892337000001135	cyclic_loop	20263893	700	0.8400240673886883	0.31244444444444447	0.9151688728439631
ok	nan	4	0.2985898214455073	0.36454849498327757	1	fixed_pcs_50	50	50		0.3562060621432128	5.644197463989258	0.4656073956377293	14	1.7253102999984549	cyclic_loop	20264902	700	0.7905086241476134	0.2708888888888889	0.8964444444444445
ok	nan	3	0.6316371028168936	0.04013377926421405	1	rmtguard	5	3		0.7716021453561769	15.508284568786621	0.9906576739741553	15	1.9903975000015635	linear_trajectory	20261942	700	0.8923778580024068	0.3153333333333333	0.9404604893702366
ok	nan	3	0.6806535319963685	0.020066889632107024	1	rmtguard_strict_signal	3	3		0.8102291979780827	14.12639045715332	0.9906576739741553	15	1.424816799999462	linear_trajectory	20262951	700	0.9086626554352186	0.35688888888888887	0.9538636181307661
ok	nan	5	0.4788657157714431	0.2408026755852843	1	fixed_pcs_30	30	30		0.47464439153600674	5.3730268478393555	0.9906576739741553	15	1.5335995000004914	linear_trajectory	20263960	700	0.7684227837946249	0.21111111111111108	0.8858459687123947
ok	nan	4	0.3137430204583648	0.3377926421404682	1	fixed_pcs_50	50	50		0.37913586299637614	5.6279191970825195	0.9906576739741553	15	1.6761975999997958	linear_trajectory	20264969	700	0.7167966305655836	0.184	0.8659454472523065
ok	0.5501824693214935	4	0.5501824693214935	0.27424749163879597	1	rmtguard	6	4		0.6726547851927265	15.384117126464844	0.8432342581584238	15	2.056174800000008	branching_trajectory	20261959	700	0.8815475330926594	0.308	0.9283594063377457
ok	0.6936275997426298	3	0.6936275997426298	0.2140468227424749	1	rmtguard_strict_signal	4	4		0.7484516506766209	13.987445831298828	0.8432342581584238	15	1.403590500000064	branching_trajectory	20262968	700	0.9012258323305254	0.3217777777777778	0.9379221821099077
ok	0.5410235181799349	4	0.5410235181799349	0.36454849498327757	1	fixed_pcs_30	30	30		0.32810935688341564	5.251843452453613	0.8432342581584238	15	1.4331609000000753	branching_trajectory	20263977	700	0.7654833533894906	0.24755555555555556	0.8831881267549138
ok	0.37947405887754054	4	0.37947405887754054	0.46153846153846156	1	fixed_pcs_50	50	50		0.21376261470071098	5.5747270584106445	0.8432284803164479	15	1.7299731000002794	branching_trajectory	20264986	700	0.7163329322101886	0.2104444444444444	0.8578002406738869
ok	nan	3	0.46505644499923093	0.14046822742474915	1	rmtguard	7	5		0.6766004279448643	15.474099159240723	0.4513561261791797	15	2.3205192999994324	cyclic_loop	20261976	700	0.928853590052146	0.41955555555555557	0.9520633774568793
ok	nan	4	0.570150680850173	0.08695652173913043	1	rmtguard_strict_signal	5	5		0.7037363843193003	14.161972045898438	0.4513561261791797	15	1.606763800000408	cyclic_loop	20262985	700	0.9422519053349379	0.43399999999999994	0.9555724027276373
ok	nan	4	0.4200149133150517	0.2842809364548495	1	fixed_pcs_30	30	30		0.47789915147413736	5.193730354309082	0.4513561261791797	15	1.332928300000276	cyclic_loop	20263994	700	0.8408215002005616	0.3195555555555556	0.9213910950661853
ok	nan	5	0.32334917083970127	0.38127090301003347	1	fixed_pcs_50	50	50		0.38560913273911307	5.537274360656738	0.4513561261791797	15	1.72160889999941	cyclic_loop	20265003	700	0.7946377858002407	0.27222222222222225	0.9034191736863217
ok	nan	3	0.540658115963816	0.09364548494983277	1	rmtguard	5	3		0.7600197613836726	15.547988891601562	0.9892487694307714	16	2.2020869000007224	linear_trajectory	20262043	700	0.8789001203369434	0.29533333333333334	0.9309490573606097
ok	nan	3	0.6199038605795956	0.020066889632107024	1	rmtguard_strict_signal	3	3		0.8045326222376914	14.170547485351562	0.9892487694307714	16	1.3800964999991265	linear_trajectory	20263052	700	0.8936077015643803	0.3237777777777778	0.9435724027276374
ok	nan	3	0.4401029245341575	0.2140468227424749	1	fixed_pcs_30	30	30		0.44933236028778706	5.368889808654785	0.9892487694307714	16	1.5537337999994634	linear_trajectory	20264061	700	0.7578684316085038	0.20733333333333331	0.8850148415563578
ok	nan	4	0.17564369529603502	0.5652173913043478	1	fixed_pcs_50	50	50		0.37400567403861956	5.583895683288574	0.9892487694307714	16	1.8250062000006437	linear_trajectory	20265070	700	0.7128279181708785	0.1791111111111111	0.8630100280786202
ok	0.6346982002161428	3	0.6346982002161428	0.24749163879598662	1	rmtguard	6	4		0.6484925331883481	15.51347827911377	0.7434393715485726	16	2.1734171000007336	branching_trajectory	20262060	700	0.8736109105495387	0.2951111111111111	0.919399919775371
ok	0.6756839648070552	4	0.6756839648070552	0.3110367892976589	1	rmtguard_strict_signal	4	4		0.7090024972854291	14.0623779296875	0.7434393715485726	16	1.3670879999990575	branching_trajectory	20263069	700	0.8963489771359807	0.32155555555555554	0.9312065784195748
ok	0.48103606586069786	3	0.48103606586069786	0.3712374581939799	1	fixed_pcs_30	30	30		0.3095118245307109	5.2444562911987305	0.7434175935288171	16	1.4616846000008081	branching_trajectory	20264078	700	0.7580505415162455	0.2195555555555556	0.8754729241877256
ok	0.3693753211378016	3	0.3693753211378016	0.4816053511705686	1	fixed_pcs_50	50	50		0.21716890469211367	5.607629776000977	0.7434393715485726	16	1.7699775000000955	branching_trajectory	20265087	700	0.7099061371841155	0.19999999999999998	0.8535667870036101
ok	nan	3	0.554312698896497	0.030100334448160536	1	rmtguard	7	5		0.6341448176696065	15.609185218811035	0.4857418415760175	16	2.2892783999996027	cyclic_loop	20262077	700	0.9233389490573606	0.3853333333333333	0.9462936221419976
ok	nan	4	0.5999955625188073	0.0802675585284281	1	rmtguard_strict_signal	5	5		0.6748427250713991	14.141641616821289	0.4857418415760175	16	1.6216550999997708	cyclic_loop	20263086	700	0.9355026073004412	0.4055555555555555	0.9504203770557561
ok	nan	4	0.47780197067002744	0.1705685618729097	1	fixed_pcs_30	30	30		0.4323331889422222	5.262221336364746	0.4857405082278692	16	1.3723688999998558	cyclic_loop	20264095	700	0.8301909346169274	0.3022222222222222	0.9170974729241878
ok	nan	4	0.22749156997401998	0.4782608695652174	1	fixed_pcs_50	50	50		0.3195725334560206	5.586494445800781	0.4857418415760175	16	1.652181900000869	cyclic_loop	20265104	700	0.7828977135980746	0.276	0.9002294424388287
ok	nan	3	0.591499613826512	0.05351170568561873	1	rmtguard	6	3		0.6876082122833074	15.895041465759277	0.9869242991588796	17	2.268344199999774	linear_trajectory	20262144	700	0.857663858804653	0.27199999999999996	0.9211375852386683
ok	nan	3	0.6443749224336072	0.04013377926421405	1	rmtguard_strict_signal	3	3		0.7758310912663885	14.124542236328125	0.9869242991588796	17	1.3345425999996223	linear_trajectory	20263153	700	0.8922615322904132	0.33155555555555555	0.9425006016847172
ok	nan	4	0.5067255062691771	0.2040133779264214	1	fixed_pcs_30	30	30		0.40388759606824154	5.357730865478516	0.9869242991588796	17	1.530095899999651	linear_trajectory	20264162	700	0.749789811472122	0.19177777777777777	0.8730910549538708
ok	nan	4	0.16510260853505268	0.44481605351170567	1	fixed_pcs_50	50	50		0.3339482951931425	5.656089782714844	0.9869242991588796	17	1.8467679999994289	linear_trajectory	20265171	700	0.7027412755716005	0.16733333333333333	0.8520537505014039
ok	0.6613752779316706	4	0.6613752779316706	0.30434782608695654	1	rmtguard	6	4		0.6522152862992764	15.304524421691895	0.023777153079478662	17	1.9918101000002935	branching_trajectory	20262161	700	0.8792667468912956	0.288	0.9207910148415563
ok	0.6128608180787868	4	0.6128608180787868	0.33444816053511706	1	rmtguard_strict_signal	4	4		0.7025547115014928	13.996894836425781	0.023777153079478662	17	2.0441733000006934	branching_trajectory	20263170	700	0.8975579622944244	0.30822222222222223	0.9339462494985961
ok	0.4044708161132352	4	0.4044708161132352	0.49498327759197325	1	fixed_pcs_30	30	30		0.3137637497959184	5.290570259094238	0.023777153079478662	17	1.6491152999988117	branching_trajectory	20264179	700	0.7592884075411152	0.216	0.8745262735659848
ok	0.3582406931413452	4	0.3582406931413452	0.5384615384615384	1	fixed_pcs_50	50	50		0.21890182873323555	5.562247276306152	0.02376248624984722	17	1.97112720000041	branching_trajectory	20265188	700	0.7073926995587645	0.19599999999999998	0.8518210990774168
ok	nan	2	0.3762744390908132	0.033444816053511704	1	rmtguard	7	5		0.668526822070021	15.64346694946289	0.41423660262891804	17	2.642781999998988	cyclic_loop	20262178	700	0.9216975531488167	0.39822222222222226	0.9480946650621741
ok	nan	3	0.5388774156490725	0.030100334448160536	1	rmtguard_strict_signal	5	5		0.6908376678587483	14.26872730255127	0.41423660262891804	17	1.6026283999999578	cyclic_loop	20263187	700	0.9336478138788609	0.4162222222222222	0.9525728038507821
ok	nan	4	0.4221870382204478	0.22742474916387959	1	fixed_pcs_30	30	30		0.44960639469992797	5.23137092590332	0.4142299358881765	17	1.5036629000005632	cyclic_loop	20264196	700	0.8310252707581227	0.3115555555555556	0.9174953870838347
ok	nan	4	0.3826406701301148	0.26755852842809363	1	fixed_pcs_50	50	50		0.37999138860849413	5.500300407409668	0.4142299358881765	17	1.7092938000005233	cyclic_loop	20265205	700	0.7842960288808665	0.27044444444444443	0.9039125551544324
ok	nan	3	0.6506964009839789	0.033444816053511704	1	rmtguard	5	3		0.7458101161640747	15.700090408325195	0.9411411237902644	18	2.3134006000000227	linear_trajectory	20262245	700	0.8735724027276374	0.28200000000000003	0.9286361813076615
ok	nan	3	0.6746035564756974	0.033444816053511704	1	rmtguard_strict_signal	3	3		0.7958445184823457	14.042797088623047	0.9411411237902644	18	1.5438385999987077	linear_trajectory	20263254	700	0.8925326915363017	0.3217777777777778	0.9441829121540313
ok	nan	4	0.4989691777223118	0.19063545150501673	1	fixed_pcs_30	30	30		0.4626940443800171	5.390527725219727	0.9411411237902644	18	1.8021732000015618	linear_trajectory	20264263	700	0.75053590052146	0.20088888888888887	0.8801347773766546
ok	nan	3	0.2104213202284005	0.3979933110367893	1	fixed_pcs_50	50	50		0.37392751824172343	5.621161460876465	0.9411411237902644	18	1.9434268999993947	linear_trajectory	20265272	700	0.7058604091456078	0.17333333333333334	0.8575852386682712
ok	0.6184646405999853	4	0.6184646405999853	0.24414715719063546	1	rmtguard	4	4		0.7361281960833744	14.936481475830078	0.8014737941532682	18	1.8248352999999042	branching_trajectory	20262262	700	0.9032603289209787	0.3248888888888889	0.9375812274368232
ok	0.6184646405999853	4	0.6184646405999853	0.24414715719063546	1	rmtguard_strict_signal	4	4		0.7382010535729177	14.007494926452637	0.8014737941532682	18	1.553864599998633	branching_trajectory	20263271	700	0.9032603289209787	0.3248888888888889	0.9375812274368232
ok	0.4631153782560434	4	0.4631153782560434	0.41471571906354515	1	fixed_pcs_30	30	30		0.3576540815069257	5.258803367614746	0.8015080167557417	18	1.480779800000164	branching_trajectory	20264280	700	0.7558652226233453	0.21799999999999997	0.8784981949458484
ok	0.24535288176120582	4	0.24535288176120582	0.4882943143812709	1	fixed_pcs_50	50	50		0.2532881788399986	5.496881484985352	0.8014711274569717	18	1.8599940000003699	branching_trajectory	20265289	700	0.7032851985559567	0.19911111111111113	0.8547669474528681
ok	nan	4	0.548366128417372	0.13043478260869565	1	rmtguard	6	5		0.6560191043497575	15.370779991149902	0.4755083945377171	18	2.063555599999745	cyclic_loop	20262279	700	0.9355170477336542	0.4351111111111111	0.9514055354993983
ok	nan	4	0.5928069470377605	0.10367892976588629	1	rmtguard_strict_signal	5	5		0.6696725047347224	14.173314094543457	0.4755083945377171	18	1.743710500000816	cyclic_loop	20263288	700	0.9385310870437225	0.43133333333333335	0.9503321299638989
ok	nan	4	0.36507926781366784	0.26755852842809363	1	fixed_pcs_30	30	30		0.3979902476409789	5.196332931518555	0.4755083945377171	18	1.585004000000481	cyclic_loop	20264297	700	0.8264211793020457	0.31333333333333335	0.912531889290012
ok	nan	4	0.26629786215257517	0.4280936454849498	1	fixed_pcs_50	50	50		0.3022345168466729	5.464377403259277	0.4755083945377171	18	1.768979099999342	cyclic_loop	20265306	700	0.7755186522262334	0.26511111111111113	0.8956494183714401
ok	nan	3	0.523776937329367	0.0802675585284281	1	rmtguard	5	3		0.7668750859545305	15.757672309875488	0.9874669718552428	19	2.7388823999990564	linear_trajectory	20262346	700	0.8900200561572402	0.31133333333333335	0.9330140393100682
ok	nan	3	0.6235965434617813	0.033444816053511704	1	rmtguard_strict_signal	3	3		0.8159156322236412	14.16671085357666	0.9874669718552428	19	1.6404590000001917	linear_trajectory	20263355	700	0.912878459687124	0.3495555555555555	0.9487212194143602
ok	nan	5	0.3993188283676464	0.3311036789297659	1	fixed_pcs_30	30	30		0.47289174680322477	5.3572540283203125	0.9874669718552428	19	1.8337955999995756	linear_trajectory	20264364	700	0.7518499799438427	0.20044444444444443	0.8716654632972323
ok	nan	4	0.26869003656098556	0.44481605351170567	1	fixed_pcs_50	50	50		0.36831385128217253	5.589158058166504	0.9874669718552428	19	2.4437990999995236	linear_trajectory	20265373	700	0.7056758924989972	0.176	0.8570870437224227
ok	0.6996205834957787	4	0.6996205834957787	0.29431438127090304	1	rmtguard	5	4		0.7192039559372911	15.160343170166016	0.7798144423826932	19	2.4451270999998087	branching_trajectory	20262363	700	0.8995090252707582	0.2997777777777778	0.9323754512635379
ok	0.6393756135011681	4	0.6393756135011681	0.2709030100334448	1	rmtguard_strict_signal	4	4		0.7465818940563183	13.986687660217285	0.7798144423826932	19	1.718531599999551	branching_trajectory	20263372	700	0.9089177697553149	0.316	0.9382069795427196
ok	0.40387186197901437	4	0.40387186197901437	0.44481605351170567	1	fixed_pcs_30	30	30		0.36950342680470877	5.304128646850586	0.7798144423826932	19	1.568519099999321	branching_trajectory	20264381	700	0.7756060970718011	0.22822222222222222	0.8785511432009627
ok	0.3596976562018158	4	0.3596976562018158	0.5284280936454849	1	fixed_pcs_50	50	50		0.2723785664989693	5.564387321472168	0.7798144423826932	19	1.881037799999831	branching_trajectory	20265390	700	0.7240609707180103	0.19044444444444442	0.8447998395507421
ok	nan	3	0.422243452571577	0.13377926421404682	1	rmtguard	6	5		0.6999311423490594	15.337098121643066	0.3954203935599284	19	2.5382451999994373	cyclic_loop	20262380	700	0.9469386281588448	0.4511111111111111	0.9557400722021661
ok	nan	3	0.488646857202658	0.08361204013377926	1	rmtguard_strict_signal	5	5		0.7277434800115274	14.152621269226074	0.3954203935599284	19	1.7162535000006756	cyclic_loop	20263389	700	0.9542438828720418	0.46933333333333327	0.9592057761732852
ok	nan	4	0.38617928213474984	0.22742474916387959	1	fixed_pcs_30	30	30		0.4766203346958198	5.243873596191406	0.3954203935599284	19	1.6539200999995955	cyclic_loop	20264398	700	0.8445126353790614	0.32844444444444443	0.9202623345367028
ok	nan	4	0.23532904037002503	0.3712374581939799	1	fixed_pcs_50	50	50		0.39914438839547317	5.555877685546875	0.3954203935599284	19	1.8021169000003283	cyclic_loop	20265407	700	0.7991279582831929	0.2817777777777778	0.9011159245888488
